Workbook

Sheet Pillar_Metadata
A1: pillar_id | B1: pillar_number | C1: pillar_title | D1: pillar_url_slug | E1: primary_keyword | F1: secondary_keywords | G1: target_word_count | H1: target_audience | I1: unique_positioning | J1: brand_voice | K1: title_tag | L1: meta_description | M1: category | N1: featured_image_url | O1: creation_priority | P1: status | Q1: date_published | R1: wordpress_post_id | S1: notes | T1: cluster_count | U1: clusters_published | V1: pillar_completion_percentage | W1: post_url
A2: 1 | B2: 1 | C2: The Complete Guide to Mindful Beer Appreciation | D2: mindful-beer-appreciation-guide | E2: mindful beer appreciation | F2: mindful beer appreciation, conscious beer drinking, mindful beer tasting, how to taste beer mindfully, contemplative beer drinking, intentional beer consumption, mindfulness and craft beer, present moment beer drinking | G2: 4200 | H2: Craft beer enthusiasts interested in mindfulness, mindfulness practitioners curious about conscious drinking | I2: Only resource celebrating craft beer through contemplative practices | J2: Approachable expert - knowledgeable but not pretentious, enthusiastic but not preachy | K2: =CONCATENATE(C2, " | One Mind") -> The Complete Guide to Mindful Beer Appreciation | One Mind | L2: Discover the art of mindful beer appreciation—embrace conscious beer drinking, savor each sip, and transform your experience with intentional beer consumption. | M2: mindful beer appreciation | O2: 1 | P2: Not Started | T2: =COUNTIF(Cluster_Posts!B:B, A2) -> 8 | U2: =COUNTIFS(Cluster_Posts!B:B, A2, Cluster_Posts!P:P, "Published") -> 8 | V2: =IF(T2=0, 0, U2/T2) -> 1
A3: 2 | B3: 2 | C3: The Art of Mindful Beer and Food Pairing: A Comprehensive Guide | D3: mindful-beer-and-food-pairing | E3: beer and food pairing | F3: beer and food pairing guide, how to pair beer with food, beer pairing principles, mindful beer pairing, contemplative food pairing, beer and food matching, craft beer pairing guide, 3 c's of beer pairing, beer pairing framework | G3: 4500 | H3: Craft beer enthusiasts interested in mindfulness, mindfulness practitioners curious about conscious drinking | I3: Only resource celebrating craft beer through contemplative practices | J3: Approachable expert - knowledgeable but not pretentious, enthusiastic but not preachy | K3: =CONCATENATE(C3, " | One Mind") -> The Art of Mindful Beer and Food Pairing: A Comprehensive Guide | One Mind | L3: Comprehensive guide covering the brewing process with mindfulness integration. Explores brewing steps (mashing, boiling, fermentation, conditioning), mindfulness techniques (breath awareness, gratitude, sensory engagement), spiritual significance of ingredients (water, malt, hops, yeast), sustainability practices, community building, and mindful beer tasting. Discusses health benefits and personal growth through brewing. | M3: beer and food pairing | O3: 2 | P3: Not Started | T3: =COUNTIF(Cluster_Posts!B:B, A3) -> 8 | U3: =COUNTIFS(Cluster_Posts!B:B, A3, Cluster_Posts!P:P, "Published") -> 3 | V3: =IF(T3=0, 0, U3/T3) -> 0.375
A4: 3 | B4: 3 | C4: Mindful Brewing: From Grain to Glass with Presence and Intention | D4: mindful-brewing | E4: mindful brewing | F4: mindful brewing, conscious beer making, brewing as meditation, intentional homebrewing, mindful homebrew, contemplative brewing process, brewing with presence, mindful craft brewing, conscious brewing practices | G4: 3800 | H4: Craft beer enthusiasts interested in mindfulness, mindfulness practitioners curious about conscious drinking | I4: Only resource celebrating craft beer through contemplative practices | J4: Approachable expert - knowledgeable but not pretentious, enthusiastic but not preachy | K4: =CONCATENATE(C4, " | One Mind") -> Mindful Brewing: From Grain to Glass with Presence and Intention | One Mind | L4: Deep dive into the spiritual and meditative significance of the four basic brewing ingredients. Explores water as life/purity symbol with mindful pouring and gratitude rituals; malt as soul of beer with rebirth/transformation symbolism and sensory meditation; hops for relaxation with aromatic meditation and balancing rituals; yeast as transformation agent with biblical metaphors and mindful observation. Includes guidance on creating sacred brewing spaces with intention setting, space cleansing, and altar setup. | M4: Mindful Brewing | O4: 3 | P4: Not Started | T4: =COUNTIF(Cluster_Posts!B:B, A4) -> 7 | U4: =COUNTIFS(Cluster_Posts!B:B, A4, Cluster_Posts!P:P, "Published") -> 0 | V4: =IF(T4=0, 0, U4/T4) -> 0
A5: 4 | B5: 4 | C5: Beer Through the Ages: Ancient Wisdom for Modern Mindfulness | D5: ancient-beer-history-and-timeless-wisdom | E5: ancient beer history | F5: ancient beer history, history of beer, beer in ancient civilizations, ancient brewing practices, historical beer, beer through the ages, ancient beer wisdom, evolution of beer, beer historical timeline | G5: 4300 | H5: Craft beer enthusiasts interested in mindfulness, mindfulness practitioners curious about conscious drinking | I5: Only resource celebrating craft beer through contemplative practices | J5: Approachable expert - knowledgeable but not pretentious, enthusiastic but not preachy | K5: =CONCATENATE(C5, " | One Mind") -> Beer Through the Ages: Ancient Wisdom for Modern Mindfulness | One Mind | L5: Comprehensive exploration of ancient brewing as spiritual and meditative practice across civilizations. Covers origins of beer (7000 BCE China, 3500-3100 BCE Mesopotamia), Mesopotamian brewing with goddess Ninkasi and women as first brewers, Egyptian brewing with Osiris and goddess Tenenit including pyramid workers' beer rations, myth of Hathor/Sekhmet and beer saving humanity, mindfulness in ancient brewing (present moment focus, patience, rhythm as meditation), Norse Jul celebration brewing traditions, evolution of brewing techniques, and connections to modern mindful beer tasting. | M5: ancient beer history | O5: 4 | P5: Not Started | T5: =COUNTIF(Cluster_Posts!B:B, A5) -> 6 | U5: =COUNTIFS(Cluster_Posts!B:B, A5, Cluster_Posts!P:P, "Published") -> 0 | V5: =IF(T5=0, 0, U5/T5) -> 0
T6: =COUNTIF(Cluster_Posts!B:B, A6) -> 0 | U6: =COUNTIFS(Cluster_Posts!B:B, A6, Cluster_Posts!P:P, "Published") -> 0 | V6: =IF(T6=0, 0, U6/T6) -> 0
T7: =COUNTIF(Cluster_Posts!B:B, A7) -> 0 | U7: =COUNTIFS(Cluster_Posts!B:B, A7, Cluster_Posts!P:P, "Published") -> 0 | V7: =IF(T7=0, 0, U7/T7) -> 0
T8: =COUNTIF(Cluster_Posts!B:B, A8) -> 0 | U8: =COUNTIFS(Cluster_Posts!B:B, A8, Cluster_Posts!P:P, "Published") -> 0 | V8: =IF(T8=0, 0, U8/T8) -> 0
T9: =COUNTIF(Cluster_Posts!B:B, A9) -> 0 | U9: =COUNTIFS(Cluster_Posts!B:B, A9, Cluster_Posts!P:P, "Published") -> 0 | V9: =IF(T9=0, 0, U9/T9) -> 0
T10: =COUNTIF(Cluster_Posts!B:B, A10) -> 0 | U10: =COUNTIFS(Cluster_Posts!B:B, A10, Cluster_Posts!P:P, "Published") -> 0 | V10: =IF(T10=0, 0, U10/T10) -> 0
T11: =COUNTIF(Cluster_Posts!B:B, A11) -> 0 | U11: =COUNTIFS(Cluster_Posts!B:B, A11, Cluster_Posts!P:P, "Published") -> 0 | V11: =IF(T11=0, 0, U11/T11) -> 0
T12: =COUNTIF(Cluster_Posts!B:B, A12) -> 0 | U12: =COUNTIFS(Cluster_Posts!B:B, A12, Cluster_Posts!P:P, "Published") -> 0 | V12: =IF(T12=0, 0, U12/T12) -> 0
T13: =COUNTIF(Cluster_Posts!B:B, A13) -> 0 | U13: =COUNTIFS(Cluster_Posts!B:B, A13, Cluster_Posts!P:P, "Published") -> 0 | V13: =IF(T13=0, 0, U13/T13) -> 0
T14: =COUNTIF(Cluster_Posts!B:B, A14) -> 0 | U14: =COUNTIFS(Cluster_Posts!B:B, A14, Cluster_Posts!P:P, "Published") -> 0 | V14: =IF(T14=0, 0, U14/T14) -> 0
T15: =COUNTIF(Cluster_Posts!B:B, A15) -> 0 | U15: =COUNTIFS(Cluster_Posts!B:B, A15, Cluster_Posts!P:P, "Published") -> 0 | V15: =IF(T15=0, 0, U15/T15) -> 0
T16: =COUNTIF(Cluster_Posts!B:B, A16) -> 0 | U16: =COUNTIFS(Cluster_Posts!B:B, A16, Cluster_Posts!P:P, "Published") -> 0 | V16: =IF(T16=0, 0, U16/T16) -> 0
T17: =COUNTIF(Cluster_Posts!B:B, A17) -> 0 | U17: =COUNTIFS(Cluster_Posts!B:B, A17, Cluster_Posts!P:P, "Published") -> 0 | V17: =IF(T17=0, 0, U17/T17) -> 0
... T112: =COUNTIF(Cluster_Posts!B:B, A112) -> 0 | U112: =COUNTIFS(Cluster_Posts!B:B, A112, Cluster_Posts!P:P, "Published") -> 0 | V112: =IF(T112=0, 0, U112/T112) -> 0

Sheet Cluster_Posts
A1: cluster_id | B1: pillar_id | C1: pillar_name | D1: published_cluster_title | E1: cluster_title | F1: cluster_url_slug | G1: primary_keyword | H1: secondary_keywords | I1: target_word_count | J1: intent | K1: summary | L1: main_topics | M1: key_takeaway | N1: post_type | O1: creation_order | P1: status | Q1: existing_content_url | R1: date_published | S1: wordpress_post_id | T1: category | U1: featured_image_url | V1: Post Type | X1: pillar_title_reference
B2: 2 | C2: =CONCATENATE("Pillar ",B2) -> Pillar 2 | D2: The Science of Beer and Food Pairing: Unlocking Flavor Chemistry for Unforgettable Matches | E2: The Science of Beer and Food Pairing: Flavor Compounds Explained | F2: science-of-beer-food-pairing/ | G2: science of beer and food pairing | H2: beer pairing science, flavor compound pairing, beer and food chemistry, aromatic molecules beer, why beer pairs with food, beer pairing flavor wheel, scientific beer pairing, beer food interaction chemistry | J2: Curious learners wanting scientific explanation of why certain pairings work | O2: 1 | P2: Published | Q2: /science-of-beer-food-pairing/ | U2: https://onemindbrewing.com/wp-content/uploads/science-of-beer-food-pairing.png | V2: Planned | X2: =VLOOKUP(B2, Pillar_Metadata!A:C, 3, FALSE) -> The Art of Mindful Beer and Food Pairing: A Comprehensive Guide
B3: 2 | C3: =CONCATENATE("Pillar ",B3) -> Pillar 2 | D3: The Ultimate Guide to IPA Food Pairing | E3: IPA Food Pairing Guide: From Mild to Double IPA | F3: ipa-food-pairing-guide/ | G3: IPA food pairing | H3: IPA food pairing, what food goes with IPA, hazy IPA food pairing, west coast IPA pairing, double IPA food, session IPA pairing, IPA and spicy food, best food with IPA, NEIPA pairing, bitter beer food pairing | J3: IPA drinkers seeking specific food recommendations for different IPA styles | O3: 2 | P3: Published | Q3: /ipa-food-pairing-guide/ | U3: https://onemindbrewing.com/wp-content/uploads/ipa-food-pairing-guide.png | V3: Planned | X3: =VLOOKUP(B3, Pillar_Metadata!A:C, 3, FALSE) -> The Art of Mindful Beer and Food Pairing: A Comprehensive Guide
B4: 2 | C4: =CONCATENATE("Pillar ",B4) -> Pillar 2 | D4: The Ultimate Guide to Beer and Cheese Pairing | E4: Beer and Cheese: A Contemplative Pairing Experience | F4: beer-and-cheese-pairing-guide/ | G4: beer and cheese pairing | H4: beer and cheese pairing, best beer with cheese, cheese and craft beer pairing, beer cheese pairing chart, aged cheddar and beer, blue cheese beer pairing, beer vs wine with cheese, artisan cheese beer pairing | J4: Cheese lovers and beer enthusiasts seeking elevated pairing experiences | O4: 3 | P4: Published | Q4: /beer-and-cheese-pairing-guide | U4: https://onemindbrewing.com/wp-content/uploads/beer-and-cheese-pairing-guide.png | V4: Planned | X4: =VLOOKUP(B4, Pillar_Metadata!A:C, 3, FALSE) -> The Art of Mindful Beer and Food Pairing: A Comprehensive Guide
B5: 1 | C5: =CONCATENATE("Pillar ",B5) -> Pillar 1 | D5: Beer Meditation: A Mindful Guide to Enhancing Your Beer Tasting Experience | E5: Beer Meditation 101: A Beginner's Guide to Contemplative Tasting | F5: beer-meditation-guide-tasting-experience | G5: beer meditation | H5: beer meditation, meditation for beer tasting, contemplative beer tasting, how to meditate with beer, beer tasting meditation guide, mindful beer drinking meditation, beer tasting mindfulness exercises, guided beer meditation | J5: Beginners seeking step-by-step meditation practices specifically for beer tasting experiences | O5: 4 | P5: Published | Q5: /beer-meditation-guide-tasting-experience | U5: https://onemindbrewing.com/wp-content/uploads/beer-meditation-guide-tasting-experience.png | V5: Planned | X5: =VLOOKUP(B5, Pillar_Metadata!A:C, 3, FALSE) -> The Complete Guide to Mindful Beer Appreciation
B6: 1 | C6: =CONCATENATE("Pillar ",B6) -> Pillar 1 | D6: How to Taste Beer Using Five Senses: Transform Your Drinking Experience with Sensory Beer Analysis | E6: The Five-Senses Framework for Beer Appreciation | F6: how-to-taste-beer-five-senses/ | G6: how to taste beer using five senses | H6: beer sensory analysis, five senses beer tasting, how to taste beer properly, beer tasting technique, beer aroma identification, beer flavor profile, beer appearance evaluation, beer mouthfeel analysis, sensory beer appreciation | J6: Beer enthusiasts wanting to develop sensory analysis skills and learn professional tasting techniques | O6: 5 | P6: Published | Q6: /how-to-taste-beer-five-senses | U6: https://onemindbrewing.com/wp-content/uploads/how-to-taste-beer-five-senses.png | V6: Planned | X6: =VLOOKUP(B6, Pillar_Metadata!A:C, 3, FALSE) -> The Complete Guide to Mindful Beer Appreciation
B7: 1 | C7: =CONCATENATE("Pillar ",B7) -> Pillar 1 | D7: Mindful Drinking vs Mindless Consumption: How to Create a Balanced Approach to Beer | E7: Mindful Drinking vs. Mindless Consumption: Finding Your Balance | F7: mindful-drinking-vs-mindless-consumption/ | G7: mindful drinking vs mindless consumption | H7: mindful drinking vs mindless drinking, conscious alcohol consumption, how to drink less beer, intentional drinking habits, quality over quantity drinking, mindful beer consumption tips, drinking with intention, beer moderation mindfulness | J7: Health-conscious drinkers seeking balance between enjoyment and moderation | O7: 6 | P7: Published | Q7: /mindful-drinking-vs-mindless-consumption | U7: https://onemindbrewing.com/wp-content/uploads/mindful-drinking-vs-mindless-consumption.png | V7: Planned | X7: =VLOOKUP(B7, Pillar_Metadata!A:C, 3, FALSE) -> The Complete Guide to Mindful Beer Appreciation
B8: 1 | C8: =CONCATENATE("Pillar ",B8) -> Pillar 1 | D8: Contemplative Brewery Visits: How to Enhance Your Beer Tourism Experience | E8: Contemplative Brewery Visits: A Guide to Intentional Beer Tourism | F8: contemplative-brewery-visits-guide | G8: contemplative brewery visits | H8: mindful brewery visit, intentional beer tourism, conscious brewery tour, how to visit breweries mindfully, meaningful brewery experience, mindful craft beer travel, contemplative brewery experience, brewery tours with intention | J8: Beer tourists wanting more meaningful brewery experiences beyond typical tours | O8: 7 | P8: Published | Q8: /contemplative-brewery-visits-guide | U8: https://onemindbrewing.com/wp-content/uploads/contemplative-brewery-visits-guide.png | V8: Planned | X8: =VLOOKUP(B8, Pillar_Metadata!A:C, 3, FALSE) -> The Complete Guide to Mindful Beer Appreciation
B9: 1 | C9: =CONCATENATE("Pillar ",B9) -> Pillar 1 | D9: Buddhism and Craft Beer: Exploring Mindfulness, Moderation, and Spiritual Balance | E9: The Buddhist Beer Lover's Dilemma: Finding Harmony | F9: buddhism-and-craft-beer-balance/ | G9: buddhism and craft beer | H9: buddhism and alcohol, can buddhists drink beer, mindfulness and drinking alcohol, buddhist perspective on beer, drinking alcohol mindfully buddhism, zen and beer drinking, conscious drinking buddhism, meditation and alcohol consumption | J9: Spiritual practitioners exploring compatibility of alcohol with meditation practices | O9: 8 | P9: Published | Q9: /buddhism-and-craft-beer-balance/ | U9: https://onemindbrewing.com/wp-content/uploads/buddhism-and-craft-beer-balance.png | V9: Planned | X9: =VLOOKUP(B9, Pillar_Metadata!A:C, 3, FALSE) -> The Complete Guide to Mindful Beer Appreciation
B10: 1 | C10: =CONCATENATE("Pillar ",B10) -> Pillar 1 | D10: Non-Alcoholic Craft Beer Guide: Everything You Need to Know About Mindful Drinking | E10: Non-Alcoholic Craft Beer: The Mindful Drinker's Guide | F10: non-alcoholic-craft-beer-guide | G10: non-alcoholic craft beer guide | H10: best non-alcoholic craft beer, NA beer guide, non-alcoholic beer recommendations, alcohol-free craft beer, mindful non-alcoholic drinking, sober curious beer options, best NA beer for pairing, zero alcohol craft beer | J10: Curious drinkers exploring NA options or participating in sober-curious movement | O10: 9 | P10: Published | Q10: /non-alcoholic-craft-beer-guide | U10: https://onemindbrewing.com/wp-content/uploads/non-alcoholic-craft-beer-guide.png | V10: Planned | X10: =VLOOKUP(B10, Pillar_Metadata!A:C, 3, FALSE) -> The Complete Guide to Mindful Beer Appreciation
B11: 1 | C11: =CONCATENATE("Pillar ",B11) -> Pillar 1 | D11: Seasonal Beer Mindfulness: How to Align Your Beer Choices with Nature's Rhythms | E11: Seasonal Beer Mindfulness: Connecting to Nature's Rhythms | F11: seasonal-beer-mindfulness-guide | G11: seasonal beer mindfulness | H11: seasonal beer guide, seasonal craft beer calendar, fresh hop season, winter beer styles, spring beer releases, mindful seasonal drinking, connecting beer to seasons, seasonal beer appreciation, craft beer seasons | J11: Beer lovers wanting to connect seasonal drinking with natural cycles and intentional consumption | O11: 10 | P11: Published | Q11: /seasonal-beer-mindfulness-guide | U11: https://onemindbrewing.com/wp-content/uploads/seasonal-beer-mindfulness-guide.png | V11: Planned | X11: =VLOOKUP(B11, Pillar_Metadata!A:C, 3, FALSE) -> The Complete Guide to Mindful Beer Appreciation
B12: 1 | C12: =CONCATENATE("Pillar ",B12) -> Pillar 1 | D12: How to Build a Mindful Beer Community: A Complete Guide to Conscious Craft Beer Culture | E12: Building a Mindful Beer Community: Beyond the Bar | F12: how-to-build-mindful-beer-community | G12: how to build mindful beer community | H12: mindful beer community, beer tasting circle, contemplative beer group, hosting mindful beer dinner, beer meditation group, conscious drinking community, mindful beer club, creating beer community, mindful beer events | J12: Community organizers seeking to create contemplative beer tasting groups | O12: 11 | P12: Published | Q12: /how-to-build-mindful-beer-community | U12: https://onemindbrewing.com/wp-content/uploads/how-to-build-mindful-beer-community.png | V12: Planned | X12: =VLOOKUP(B12, Pillar_Metadata!A:C, 3, FALSE) -> The Complete Guide to Mindful Beer Appreciation
B13: 2 | C13: =CONCATENATE("Pillar ",B13) -> Pillar 2 | E13: Spicy Food and Beer: Heat, Balance, and Mindful Enjoyment | G13: beer with spicy food | H13: beer with spicy food, best beer for indian food, beer and thai food pairing, beer with hot wings, mexican food beer pairing, beer that goes with spicy food, how beer cools spice, beer and curry pairing, capsaicin beer pairing | J13: Lovers of spicy cuisine seeking beers that complement heat | O13: 12 | V13: Planned | X13: =VLOOKUP(B13, Pillar_Metadata!A:C, 3, FALSE) -> The Art of Mindful Beer and Food Pairing: A Comprehensive Guide
B14: 2 | C14: =CONCATENATE("Pillar ",B14) -> Pillar 2 | E14: Seasonal Pairing Calendar: 52 Weeks of Beer and Food Harmony | G14: seasonal beer and food calendar | H14: seasonal beer food pairing, spring beer pairing, summer beer and food, fall beer pairing, winter beer food, seasonal beer dinner menu, farm to table beer pairing, monthly beer pairing, seasonal ingredients beer | J14: Home cooks and entertainers planning seasonal meals with beer | O14: 13 | V14: Planned | X14: =VLOOKUP(B14, Pillar_Metadata!A:C, 3, FALSE) -> The Art of Mindful Beer and Food Pairing: A Comprehensive Guide
B15: 2 | C15: =CONCATENATE("Pillar ",B15) -> Pillar 2 | E15: Dessert and Beer: Sweet Endings with Contemplative Sips | G15: dessert and beer pairing | H15: beer and dessert pairing, chocolate and stout pairing, beer with ice cream, fruit beer dessert pairing, imperial stout dessert, beer and cake pairing, sweet beer pairing, beer with chocolate, dessert beer guide | J15: Adventurous eaters seeking alternatives to wine with dessert | O15: 14 | V15: Planned | X15: =VLOOKUP(B15, Pillar_Metadata!A:C, 3, FALSE) -> The Art of Mindful Beer and Food Pairing: A Comprehensive Guide
B16: 2 | C16: =CONCATENATE("Pillar ",B16) -> Pillar 2 | E16: Ancient Beer Styles Paired with Modern Cuisine | G16: ancient beer with modern cuisine | H16: ancient beer pairing, sumerian beer food pairing, egyptian beer modern food, historical beer pairing, ancient beer styles pairing, mesopotamian beer food, recreated ancient beer pairing, archaeological beer cuisine | J16: History enthusiasts and adventurous diners seeking unique pairing experiences | O16: 15 | V16: Planned | X16: =VLOOKUP(B16, Pillar_Metadata!A:C, 3, FALSE) -> The Art of Mindful Beer and Food Pairing: A Comprehensive Guide
B17: 2 | C17: =CONCATENATE("Pillar ",B17) -> Pillar 2 | E17: Creating Mindful Beer Pairing Dinners: A Host's Guide | G17: hosting mindful beer pairing dinners | H17: how to host beer dinner, beer pairing dinner party, mindful beer dinner, multi-course beer pairing, beer tasting dinner menu, hosting beer pairing event, contemplative beer dinner, beer dinner planning guide | J17: Event planners and hosts creating contemplative multi-course experiences | O17: 16 | V17: Planned | X17: =VLOOKUP(B17, Pillar_Metadata!A:C, 3, FALSE) -> The Art of Mindful Beer and Food Pairing: A Comprehensive Guide
B18: 4 | C18: =CONCATENATE("Pillar ",B18) -> Pillar 4 | E18: The Hymn to Ninkasi: World's Oldest Beer Recipe as Sacred Text | G18: hymn to ninkasi | H18: hymn to ninkasi, oldest beer recipe, sumerian beer, ninkasi goddess, mesopotamian beer recipe, ancient sumerian beer, 4000 year old beer recipe, ninkasi beer poem, ancient beer recipe sumerian | J18: Beer historians and homebrewers wanting to explore world's oldest beer recipe | O18: 17 | V18: Planned | X18: =VLOOKUP(B18, Pillar_Metadata!A:C, 3, FALSE) -> Beer Through the Ages: Ancient Wisdom for Modern Mindfulness
B19: 4 | C19: =CONCATENATE("Pillar ",B19) -> Pillar 4 | E19: Egyptian Beer: Pyramid Builders, Goddesses, and Daily Rituals | G19: ancient egyptian beer | H19: ancient egyptian beer, egyptian beer history, beer in ancient egypt, pyramid builders beer, egyptian brewing methods, ancient egypt daily beer rations, goddess of beer egypt, hathor beer goddess, egyptian beer recipe | J19: Ancient history enthusiasts exploring Egyptian brewing culture | O19: 18 | V19: Planned | X19: =VLOOKUP(B19, Pillar_Metadata!A:C, 3, FALSE) -> Beer Through the Ages: Ancient Wisdom for Modern Mindfulness
B20: 4 | C20: =CONCATENATE("Pillar ",B20) -> Pillar 4 | E20: Archaeological Brewing: Recreating 13,000-Year-Old Beer | G20: recreating ancient beer | H20: archaeological brewing, recreating ancient beer, 13000 year old beer, raqefet cave beer, patrick mcgovern beer, ancient beer archaeology, dogfish head ancient ales, experimental archaeology beer, biomolecular archaeology beer | J20: Experimental brewers recreating ancient recipes | O20: 19 | V20: Planned | X20: =VLOOKUP(B20, Pillar_Metadata!A:C, 3, FALSE) -> Beer Through the Ages: Ancient Wisdom for Modern Mindfulness
B21: 4 | C21: =CONCATENATE("Pillar ",B21) -> Pillar 4 | E21: Women as Ancient Brewers: The Forgotten History | G21: women as ancient brewers | H21: women brewers history, female brewers ancient, women in brewing history, alewives history, ancient women brewers, brewing goddess history, female brewing heritage, women beer history, forgotten women brewers | J21: History seekers exploring women's role in brewing heritage | O21: 20 | V21: Planned | X21: =VLOOKUP(B21, Pillar_Metadata!A:C, 3, FALSE) -> Beer Through the Ages: Ancient Wisdom for Modern Mindfulness
B22: 3 | C22: =CONCATENATE("Pillar ",B22) -> Pillar 3 | E22: Brewing as Meditation: The Zen of Homebrew | G22: brewing as meditation | H22: brewing meditation, homebrew as meditation, zen of homebrewing, meditative brewing, mindful brew day, brewing mindfulness practice, contemplative homebrewing, brewing as moving meditation, presence in brewing | J22: Homebrewers wanting to deepen their practice through mindfulness | O22: 21 | V22: Planned | X22: =VLOOKUP(B22, Pillar_Metadata!A:C, 3, FALSE) -> Mindful Brewing: From Grain to Glass with Presence and Intention
B23: 3 | C23: =CONCATENATE("Pillar ",B23) -> Pillar 3 | E23: Mindful Ingredient Selection: Water, Grain, Hops, and Yeast | G23: mindful ingredient selection brewing | H23: mindful brewing ingredients, organic brewing supplies, local malt hops, terroir in beer, sustainable brewing ingredients, intentional ingredient selection, craft beer ingredient origins, conscious ingredient sourcing, brewing ingredient mindfulness | J23: Conscious brewers seeking ethical and intentional ingredient sourcing | O23: 22 | V23: Planned | X23: =VLOOKUP(B23, Pillar_Metadata!A:C, 3, FALSE) -> Mindful Brewing: From Grain to Glass with Presence and Intention
B24: 3 | C24: =CONCATENATE("Pillar ",B24) -> Pillar 3 | E24: The Sacred Pause: Brewing Rituals and Intention Setting | G24: brewing rituals and intentions | H24: brewing rituals, brewing ceremony, intention setting brewing, sacred brewing practice, spiritual homebrewing, brewing ritual guide, mindful brewing intention, ceremonial brewing, brewing intentions | J24: Spiritual practitioners creating meaningful brewing ceremonies | O24: 23 | V24: Planned | X24: =VLOOKUP(B24, Pillar_Metadata!A:C, 3, FALSE) -> Mindful Brewing: From Grain to Glass with Presence and Intention
... B30: 4 | C30: =CONCATENATE("Pillar ",B30) -> Pillar 4 | E30: Sacred Ingredients: Ancient Grains, Herbs, and Spices in Modern Brewing | G30: ancient brewing ingredients | H30: ancient beer ingredients, emmer wheat beer, ancient grains brewing, historical beer herbs, pre-hop brewing, ancient beer spices, gruit beer recipe, historical brewing ingredients, ancient malt varieties | J30: Historical brewers and ingredient explorers seeking authentic ancient methods | O30: 29 | V30: Planned | X30: =VLOOKUP(B30, Pillar_Metadata!A:C, 3, FALSE) -> Beer Through the Ages: Ancient Wisdom for Modern Mindfulness

Sheet EXTERNAL_AUTHORITIES 
A1: authority_id | B1: authority_name | C1: authority_url | D1: category | E1: description | F1: use_cases
